line,station
淡水信義線,象山
淡水信義線,台北101/世貿
淡水信義線,信義安和
淡水信義線,大安
淡水信義線,大安森林公園
淡水信義線,東門
淡水信義線,中正紀念堂
淡水信義線,台大醫院
淡水信義線,台大醫院
淡水信義線,台北車站
淡水信義線,中山
淡水信義線,雙連
淡水信義線,民權西路
板南線,亞東醫院
板南線,府中
板南線,板橋
板南線,新埔(民生)
板南線,江子翠
板南線,龍山寺
板南線,西門
板南線,台北車站
板南線,善導寺
板南線,善導寺
板南線,忠孝新生
板南線,忠孝復興
板南線,忠孝敦化
板南線,國父紀念館
板南線,市政府
板南線,永春
板南線,後山埤
板南線,後山埤
板南線,後山埤
板南線,昆陽
板南線,南港
板南線,南港展覽館
松山新店線,新店
松山新店線,新店區公所
松山新店線,七張
松山新店線,大坪林
松山新店線,景美
松山新店線,萬隆
松山新店線,公館
松山新店線,台電大樓
松山新店線,古亭
松山新店線,中正紀念堂
松山新店線,小南門
松山新店線,西門
松山新店線,北門
松山新店線,中山
松山新店線,松江南京
松山新店線,南京復興
松山新店線,台北小巨蛋
松山新店線,南京三民
松山新店線,松山
中和新蘆線,南勢角
中和新蘆線,景安
中和新蘆線,永安市場
中和新蘆線,頂溪
中和新蘆線,古亭
中和新蘆線,東門
中和新蘆線,忠孝新生
中和新蘆線,松江南京
中和新蘆線,行天宮
中和新蘆線,中山國小
中和新蘆線,民權西路
中和新蘆線,大橋頭
中和新蘆線,台北橋
中和新蘆線,菜寮
中和新蘆線,三重
中和新蘆線,先嗇宮
中和新蘆線,頭前庄
文湖線,南港展覽館
文湖線,南港軟體園區
文湖線,東湖
文湖線,葫洲
文湖線,大湖公園
文湖線,內湖
文湖線,文德
文湖線,港墘
文湖線,西湖
文湖線,劍南路
文湖線,大直
文湖線,大直
文湖線,松山機場
文湖線,松山機場
文湖線,松山機場
文湖線,中山國中
文湖線,南京復興
文湖線,忠孝復興
文湖線,大安
環狀線,大坪林
環狀線,十四張
環狀線,十四張
環狀線,秀朗橋
環狀線,景平
環狀線,景安
環狀線,中和
環狀線,橋和
環狀線,中原
環狀線,板新
環狀線,板橋
環狀線,新埔(民生)
環狀線,頭前庄
環狀線,幸福
環狀線,新北產業園區
隱藏軌道,圓山
隱藏軌道,劍潭
隱藏軌道,士林
隱藏軌道,芝山
隱藏軌道,明德
隱藏軌道,石牌
隱藏軌道,唭哩岸
隱藏軌道,奇岩
隱藏軌道,北投
隱藏軌道,復興崗
隱藏軌道,忠義
隱藏軌道,關渡
隱藏軌道,竹圍
隱藏軌道,紅樹林
隱藏軌道,淡水
